Workbook

Sheet readme
A1: Steps to reallocate Truck and Airport Trips by TOD Time of Day definitions are different between E7 and ActivitySim. RSG is currently using the existing time of day factors and modifying them based on their duration to apply to the Grav_Combined matrix and create trip tables for ActivitySim time periods. Adjustments were applied only to EV and NT periods as the other periods line up reasonably closely between E7 and ActivitySim. Step 1: Divide NT period truck and airport factors by duration of NT (8.5 hours). Step 2: Multiply step 1 result by the ActivitySim EA duration (3) Step 3: Subtract step 2 result from the sum of EV+NT in E7 and assign it to ActivitySim EV.

Sheet Calculation
A1: PER | B1: DEP_HBW | C1: RET_HBW | D1: DEP_HBO | E1: RET_HBO | F1: DEP_HBSH | G1: RET_HBSH | H1: DEP_HBSC | I1: RET_HBSC | J1: DEP_HBU | K1: RET_HBU | L1: DEP_NHBW | M1: RET_NHBW | N1: DEP_NHBO | O1: RET_NHBO | P1: Light Truck | Q1: Medium Truck | R1: Heavy Truck | S1: EE | T1: DEP_AIR | U1: RET_AIR | V1: PER_DUR | W1: ASIM_DUR
A2: AM | B2: 0.4414 | C2: 0.018 | D2: 0.2358 | E2: 0.0539 | F2: 0.0508 | G2: 0.0187 | H2: 0.6166 | I2: 0.0003 | J2: 0.4329 | K2: 0.0191 | L2: 0.0946 | M2: 0.1906 | N2: 0.0809 | O2: 0.0809 | P2: 0.105 | Q2: 0.13 | R2: 0.128 | S2: 0.116 | T2: 0.07 | U2: 0.02 | V2: 2.5 | W2: 3
A3: MD | B3: 0.2768 | C3: 0.1196 | D3: 0.2455 | E3: 0.1697 | F3: 0.2344 | G3: 0.2587 | H3: 0.0606 | I3: 0.882 | J3: 0.3087 | K3: 0.204 | L3: 0.41 | M3: 0.2061 | N3: 0.2694 | O3: 0.2694 | P3: 0.66 | Q3: 0.652 | R3: 0.606 | S3: 0.251 | T3: 0.1578 | U3: 0.1022 | V3: 5.5 | W3: 6
A4: PM | B4: 0.0748 | C4: 0.4658 | D4: 0.3107 | E4: 0.3996 | F4: 0.2791 | G4: 0.6514 | H4: 0.0024 | I4: 0.3807 | J4: 0.1609 | K4: 0.3871 | L4: 0.6317 | M4: 0.0831 | N4: 0.4191 | O4: 0.4191 | P4: 0.158 | Q4: 0.148 | R4: 0.148 | S4: 0.261 | T4: 0.0982 | U4: 0.1018 | V4: 4 | W4: 4
A5: EV | B5: 0.044 | C5: 0.1404 | D5: 0.1491 | E5: 0.2345 | F5: 0.1487 | G5: 0.2392 | H5: 0.0016 | I5: 0.0435 | J5: 0.163 | K5: 0.2127 | L5: 0.1867 | M5: 0.0755 | N5: 0.1729 | O5: 0.1729 | P5: 0.039 | Q5: 0.035 | R5: 0.059 | S5: 0.186 | T5: 0.081 | U5: 0.144 | V5: 3.5 | W5: 8
A6: NT | B6: 0.2638 | C6: 0.1554 | D6: 0.0638 | E6: 0.1374 | F6: 0.0414 | G6: 0.0776 | H6: 0.0093 | I6: 0.003 | J6: 0.0068 | K6: 0.1048 | L6: 0.0811 | M6: 0.0406 | N6: 0.0577 | O6: 0.0577 | P6: 0.038 | Q6: 0.035 | R6: 0.059 | S6: 0.186 | T6: 0.0749 | U6: 0.1501 | V6: 8.5 | W6: 3
A8: AM | P8: =P2 -> 0.105 | Q8: =Q2 -> 0.13 | R8: =R2 -> 0.128 | T8: =T2 -> 0.07 | U8: =U2 -> 0.02
A9: MD | P9: =P3 -> 0.66 | Q9: =Q3 -> 0.652 | R9: =R3 -> 0.606 | T9: =T3 -> 0.1578 | U9: =U3 -> 0.1022
A10: PM | P10: =P4 -> 0.158 | Q10: =Q4 -> 0.148 | R10: =R4 -> 0.148 | T10: =T4 -> 0.0982 | U10: =U4 -> 0.1018
A11: EV | P11: =SUM(P$5:P$6)-P12 -> 0.063588235 | Q11: =SUM(Q$5:Q$6)-Q12 -> 0.057647059 | R11: =SUM(R$5:R$6)-R12 -> 0.097176471 | T11: =SUM(T$5:T$6)-T12 -> 0.12946471 | U11: =SUM(U$5:U$6)-U12 -> 0.24112353
A12: EA | P12: =P6*$W6/$V6 -> 0.013411765 | Q12: =Q6*$W6/$V6 -> 0.012352941 | R12: =R6*$W6/$V6 -> 0.020823529 | T12: =T6*$W6/$V6 -> 0.026435294 | U12: =U6*$W6/$V6 -> 0.052976471

Sheet NewFactors
A1: PER | B1: =Calculation!P1 -> Light Truck | C1: =Calculation!Q1 -> Medium Truck | D1: =Calculation!R1 -> Heavy Truck | E1: =Calculation!T1 -> DEP_AIR | F1: =Calculation!U1 -> RET_AIR
A2: AM | B2: =Calculation!P8 -> 0.105 | C2: =Calculation!Q8 -> 0.13 | D2: =Calculation!R8 -> 0.128 | E2: =Calculation!T8 -> 0.07 | F2: =Calculation!U8 -> 0.02
A3: MD | B3: =Calculation!P9 -> 0.66 | C3: =Calculation!Q9 -> 0.652 | D3: =Calculation!R9 -> 0.606 | E3: =Calculation!T9 -> 0.1578 | F3: =Calculation!U9 -> 0.1022
A4: PM | B4: =Calculation!P10 -> 0.158 | C4: =Calculation!Q10 -> 0.148 | D4: =Calculation!R10 -> 0.148 | E4: =Calculation!T10 -> 0.0982 | F4: =Calculation!U10 -> 0.1018
A5: EV | B5: =Calculation!P11 -> 0.063588235 | C5: =Calculation!Q11 -> 0.057647059 | D5: =Calculation!R11 -> 0.097176471 | E5: =Calculation!T11 -> 0.12946471 | F5: =Calculation!U11 -> 0.24112353
A6: EA | B6: =Calculation!P12 -> 0.013411765 | C6: =Calculation!Q12 -> 0.012352941 | D6: =Calculation!R12 -> 0.020823529 | E6: =Calculation!T12 -> 0.026435294 | F6: =Calculation!U12 -> 0.052976471

Sheet AirOccSplit
A1: PER | B1: AIR_SOV | C1: AIR_HOV2 | D1: AIR_HOV3
A2: AM | B2: 0.493 | C2: 0.329 | D2: 0.178
A3: MD | B3: 0.525 | C3: 0.313 | D3: 0.162
A4: PM | B4: 0.419 | C4: 0.332 | D4: 0.249
A5: EV | B5: 0.401 | C5: 0.346 | D5: 0.253
A6: EA | B6: 0.401 | C6: 0.346 | D6: 0.253
